,ncalls,tottime,percall,cumtime,percall2,filename:lineno(function)
0,1,0.0,0.0,0.0,0.0, argparse.py:2468(<listcomp>)
1,1,0.0,0.0,0.0,0.0, {built-in method builtins.iter}
2,1,0.0,0.0,0.0,0.0, context.py:213(_check_available)
3,1,0.0,0.0,0.0,0.0, {method 'groups' of 're.Match' objects}
4,1,0.0,0.0,0.0,0.0, {method 'write' of '_io.TextIOWrapper' objects}
5,1,0.0,0.0,0.0,0.0, argparse.py:134(_get_args)
6,1,0.0,0.0,0.0,0.0, argparse.py:1295(__init__)
7,1,0.0,0.0,0.0,0.0, {built-in method _imp.exec_dynamic}
8,1,0.0,0.0,0.0,0.0, __init__.py:96(<lambda>)
9,2,0.0,0.0,0.0,0.0, {built-in method _stat.S_ISDIR}
10,2,0.0,0.0,0.0,0.0, selectors.py:200(__enter__)
11,1,0.0,0.0,0.0,0.0, {method 'values' of 'dict' objects}
12,4,0.0,0.0,0.0,0.0, <frozen importlib._bootstrap_external>:1031(get_filename)
13,1,0.0,0.0,0.0,0.0, popen_spawn_posix.py:16(_DupFd)
14,3,0.0,0.0,0.0,0.0, spawn.py:45(get_executable)
15,1,0.0,0.0,0.0,0.0, argparse.py:958(__call__)
16,4,0.0,0.0,0.0,0.0, process.py:37(current_process)
17,4,0.0,0.0,0.0,0.0, sre_parse.py:163(__delitem__)
18,4,0.0,0.0,0.0,0.0, <frozen importlib._bootstrap_external>:841(create_module)
19,4,0.0,0.0,0.0,0.0, connection.py:168(writable)
20,2,0.0,0.0,0.0,0.0, process.py:205(daemon)
21,2,0.0,0.0,0.0,0.0, process.py:213(authkey)
22,1,0.0,0.0,0.0,0.0, argparse.py:2177(<listcomp>)
23,5,0.0,0.0,0.0,0.0, <frozen importlib._bootstrap>:406(has_location)
24,1,0.0,0.0,0.0,0.0, {built-in method builtins.locals}
25,1,0.0,0.0,0.0,0.0, {method 'disable' of '_lsprof.Profiler' objects}
26,1,0.0,0.0,0.0,0.0, popen_spawn_posix.py:26(Popen)
27,2,0.0,0.0,0.0,0.0, {built-in method posix.waitstatus_to_exitcode}
28,2,0.0,0.0,0.0,0.0, {method 'size' of 'torch._C.HalfStorageBase' objects}
29,3,0.0,0.0,0.0,0.0, {method 'index' of 'str' objects}
30,4,0.0,0.0,0.0,0.0, connection.py:139(_check_closed)
31,8,0.0,0.0,0.0,0.0, <frozen importlib._bootstrap_external>:68(_relax_case)
32,10,0.0,0.0,0.0,0.0, {built-in method builtins.ord}
33,2,0.0,0.0,0.0,0.0, {method '_weak_ref' of 'torch._C.HalfStorageBase' objects}
34,6,0.0,0.0,0.0,0.0, util.py:44(sub_debug)
35,7,0.0,0.0,0.0,0.0, serialization.py:205(__exit__)
36,1,0.0,0.0,0.0,0.0, codecs.py:186(__init__)
37,1,0.0,0.0,0.0,0.0, <frozen importlib._bootstrap_external>:175(_path_isabs)
38,4,0.0,0.0,0.0,0.0, {built-in method time.perf_counter_ns}
39,4,0.0,0.0,0.0,0.0, {built-in method builtins.id}
40,7,0.0,0.0,0.0,0.0, argparse.py:613(<listcomp>)
41,4,0.0,0.0,0.0,0.0, connection.py:163(readable)
42,5,0.0,0.0,0.0,0.0, {method 'get' of 'mappingproxy' objects}
43,2,0.0,0.0,0.0,0.0, argparse.py:579(<listcomp>)
44,7,0.0,0.0,0.0,0.0, storage.py:13(__init__)
45,1,0.0,0.0,0.0,0.0, {built-in method _imp.is_builtin}
46,4,0.0,0.0,0.0,0.0, {method 'decode' of 'bytes' objects}
47,11,0.0,0.0,0.0,0.0, {method 'extend' of 'list' objects}
48,10,0.0,0.0,0.0,0.0, {built-in method _thread.get_ident}
49,1,0.0,0.0,0.0,0.0, argparse.py:1817(<listcomp>)
50,15,0.0,0.0,0.0,0.0, {method 'isalnum' of 'str' objects}
51,4,0.0,0.0,0.0,0.0, util.py:48(debug)
52,2,0.0,0.0,0.0,0.0, connection.py:938(<listcomp>)
53,2,0.0,0.0,0.0,0.0, {method 'clear' of 'dict' objects}
54,3,0.0,0.0,0.0,0.0, {method 'register' of 'select.poll' objects}
55,4,0.0,0.0,0.0,0.0, {method 'find' of 'bytearray' objects}
56,1,0.0,0.0,0.0,0.0, argparse.py:2173(<listcomp>)
57,12,0.0,0.0,0.0,0.0, {method 'group' of 're.Match' objects}
58,2,0.0,0.0,0.0,0.0, {method 'write' of '_io.BufferedWriter' objects}
59,9,0.0,0.0,0.0,0.0, sre_parse.py:169(__setitem__)
60,12,0.0,0.0,0.0,0.0, {method 'items' of 'dict' objects}
61,2,0.0,0.0,0.0,0.0, {method 'index' of 'list' objects}
62,2,0.0,0.0,0.0,0.0, {built-in method torch._C._cuda_getDeviceCount}
63,10,0.0,0.0,0.0,0.0, sre_compile.py:477(_get_iscased)
64,2,0.0,0.0,0.0,0.0, utils.py:280(__init__)
65,7,0.0,0.0,0.0,0.0, {method 'clear' of 'list' objects}
66,7,0.0,0.0,0.0,0.0, sre_compile.py:81(_combine_flags)
67,1,0.0,0.0,0.0,0.0, resource_tracker.py:46(ResourceTracker)
68,14,0.0,0.0,0.0,0.0, {method 'lower' of 'str' objects}
69,1,0.0,0.0,0.0,0.0, resource_tracker.py:48(__init__)
70,13,0.0,0.0,0.0,0.0, argparse.py:2501(_check_value)
71,7,0.0,0.0,0.0,0.0, {built-in method torch._C._has_torch_function_unary}
72,12,0.0,0.0,0.0,0.0, {method '_weak_ref' of 'torch._C.LongStorageBase' objects}
73,1,0.0,0.0,0.0,0.0, {built-in method posix.uname}
74,9,0.0,0.0,0.0,0.0, {method 'rfind' of 'str' objects}
75,1,0.0,0.0,0.0,0.0, argparse.py:1816(_get_positional_actions)
76,14,0.0,0.0,0.0,0.0, {method 'remove' of 'list' objects}
77,1,0.0,0.0,0.0,0.0, popen_fork.py:12(Popen)
78,12,0.0,0.0,0.0,0.0, {method 'size' of 'torch._C.LongStorageBase' objects}
79,18,0.0,0.0,0.0,0.0, {method 'find' of 'str' objects}
80,5,0.0,0.0,0.0,0.0, {built-in method _imp.is_frozen}
81,12,0.0,0.0,0.0,0.0, {built-in method from_bytes}
82,14,0.0,0.0,0.0,0.0, {method 'has_names' of 'torch._C._TensorBase' objects}
83,2,0.0,0.0,0.0,0.0, {method 'copy' of 'list' objects}
84,1,0.0,0.0,0.0,0.0, <frozen importlib._bootstrap_external>:1155(__init__)
85,2,0.0,0.0,0.0,0.0, sre_compile.py:456(_generate_overlap_table)
86,23,0.0,0.0,0.0,0.0, {method 'reverse' of 'list' objects}
87,4,0.0,0.0,0.0,0.0, __init__.py:464(__getnewargs__)
88,32,0.0,0.0,0.0,0.0, {method 'bit_length' of 'int' objects}
89,3,0.0,0.0,0.0,0.0, selectors.py:21(_fileobj_to_fd)
90,4,0.0,0.0,0.0,0.0, {built-in method _weakref._remove_dead_weakref}
91,4,0.0,0.0,0.0,0.0, {built-in method _imp._fix_co_filename}
92,2,0.0,0.0,0.0,0.0, _weakrefset.py:39(_remove)
93,5,0.0,0.0,0.0,0.0, <frozen importlib._bootstrap>:152(__init__)
94,4,0.0,0.0,0.0,0.0, connection.py:173(fileno)
95,2,0.0,0.0,0.0,0.0, selectors.py:276(_key_from_fd)
96,6,0.0,0.0,0.0,0.0, {built-in method _sre.compile}
97,6,0.0,0.0,0.0,0.0, spawn.py:87(<genexpr>)
98,7,0.0,0.0,0.0,0.0, {built-in method _free_weak_ref}
99,9,0.0,0.0,0.0,0.0, {method 'keys' of 'dict' objects}
100,7,0.0,0.0,0.0,0.0, serialization.py:815(_get_restore_location)
101,14,0.0,0.0,0.0,0.0, serialization.py:202(__enter__)
102,14,0.0,0.0,0.0,0.0, {method 'storage_offset' of 'torch._C._TensorBase' objects}
103,2,0.0,0.0,0.0,0.0, context.py:249(get_start_method)
104,2,0.0,0.0,0.0,0.0, process.py:247(sentinel)
105,4,0.0,0.0,0.0,0.0, context.py:197(get_start_method)
106,2,0.0,0.0,0.0,0.0, argparse.py:1517(_get_positional_kwargs)
107,1,0.0,0.0,0.0,0.0, posixpath.py:140(basename)
108,1,0.0,0.0,0.0,0.0, main.py:69(get_model_type)
109,1,0.0,0.0,0.0,0.0, {built-in method _locale.nl_langinfo}
110,2,0.0,0.0,0.0,0.0, {method 'getbuffer' of '_io.BytesIO' objects}
111,43,0.0,0.0,0.0,0.0, {method 'setdefault' of 'dict' objects}
112,4,0.0,0.0,0.0,0.0, os.py:758(decode)
113,2,0.0,0.0,0.0,0.0, utils.py:289(stop)
114,6,0.0,0.0,0.0,0.0, sre_parse.py:76(__init__)
115,8,0.0,0.0,0.0,0.0, process.py:99(_check_closed)
116,2,0.0,0.0,0.0,0.0, utils.py:284(__enter__)
117,5,0.0,0.0,0.0,0.0, <frozen importlib._bootstrap>:736(find_spec)
118,1,0.0,0.0,0.0,0.0, __init__.py:74(is_available)
119,7,0.0,0.0,0.0,0.0, {method 'seek' of '_io.BufferedReader' objects}
120,7,0.0,0.0,0.0,0.0, serialization.py:126(_cpu_deserialize)
121,12,0.0,0.0,0.0,0.0, {method 'split' of 'str' objects}
122,3,0.0,0.0,0.0,0.0, subprocess.py:272(_optim_args_from_interpreter_flags)
123,18,0.0,0.0,0.0,0.0, popen_spawn_posix.py:17(__init__)
124,3,0.0,0.0,0.0,0.0, sre_compile.py:516(_get_charset_prefix)
125,4,0.0,0.0,0.0,0.0, <frozen importlib._bootstrap>:35(_new_module)
126,2,0.0,0.0,0.0,0.0, {built-in method select.poll}
127,6,0.0,0.0,0.0,0.0, context.py:357(assert_spawning)
128,2,0.0,0.0,0.0,0.0, process.py:224(exitcode)
129,7,0.0,0.0,0.0,0.0, context.py:187(get_context)
130,2,0.0,0.0,0.0,0.0, {built-in method posix.putenv}
131,13,0.0,0.0,0.0,0.0, posixpath.py:41(_get_sep)
132,1,0.0,0.0,0.0,0.0, argparse.py:1086(__init__)
133,2,0.0,0.0,0.0,0.0, process.py:189(name)
134,21,0.0,0.0,0.0,0.0, __init__.py:62(get_sharing_strategy)
135,3,0.0,0.0,0.0,0.0, argparse.py:1571(_get_handler)
136,30,0.0,0.0,0.0,0.0, {built-in method _imp.release_lock}
137,4,0.0,0.0,0.0,0.0, <frozen importlib._bootstrap_external>:1006(__init__)
138,3,0.0,0.0,0.0,0.0, selectors.py:216(_fileobj_lookup)
139,4,0.0,0.0,0.0,0.0, <frozen importlib._bootstrap_external>:523(_check_name_wrapper)
140,6,0.0,0.0,0.0,0.0, sre_parse.py:928(fix_flags)
141,2,0.0,0.0,0.0,0.0, queues.py:355(__getstate__)
142,1,0.0,0.0,0.0,0.0, __init__.py:451(device_count)
143,7,0.0,0.0,0.0,0.0, serialization.py:314(_check_dill_version)
144,9,0.0,0.0,0.0,0.0, <frozen importlib._bootstrap_external>:1346(_path_importer_cache)
145,1,0.0,0.0,0.0,0.0, <frozen importlib._bootstrap_external>:1179(exec_module)
146,4,0.0,0.0,0.0,0.0, synchronize.py:90(_make_methods)
147,13,0.0,0.0,0.0,0.0, pathlib.py:102(join_parsed_parts)
148,20,0.0,0.0,0.0,0.0, sre_parse.py:82(groups)
149,32,0.0,0.0,0.0,0.0, {method 'add' of 'set' objects}
150,5,0.0,0.0,0.0,0.0, <frozen importlib._bootstrap>:351(__init__)
151,3,0.0,0.0,0.0,0.0, <string>:1(<lambda>)
152,25,0.0,0.0,0.0,0.0, argparse.py:2183(_parse_optional)
153,1,0.0,0.0,0.0,0.0, argparse.py:131(_get_kwargs)
154,5,0.0,0.0,0.0,0.0, <frozen importlib._bootstrap>:811(find_spec)
155,13,0.0,0.0,0.0,0.0, argparse.py:935(__call__)
156,12,0.0,0.0,0.0,0.0, sre_compile.py:619(isstring)
157,4,0.0,0.0,0.0,0.0, sre_parse.py:85(opengroup)
158,4,0.0,0.0,0.0,0.0, process.py:94(<genexpr>)
159,7,0.0,0.0,0.0,0.0, serialization.py:869(UnpicklerWrapper)
160,37,0.0,0.0,0.0,0.0, {method 'isidentifier' of 'str' objects}
161,2,0.0,0.0,0.0,0.0, {built-in method posix.getcwd}
162,38,0.0,0.0,0.0,0.0, enum.py:792(value)
163,4,0.0,0.0,0.0,0.0, context.py:354(set_spawning_popen)
164,56,0.0,0.0,0.0,0.0, {method 'getrandbits' of '_random.Random' objects}
165,4,0.0,0.0,0.0,0.0, sre_compile.py:265(_compile_charset)
166,41,0.0,0.0,0.0,0.0, {method 'startswith' of 'str' objects}
167,17,0.0,0.0,0.0,0.0, pathlib.py:1089(_init)
168,7,0.0,0.0,0.0,0.0, reductions.py:35(__del__)
169,1,0.0,0.0,0.0,0.0, context.py:233(get_context)
170,21,0.0,0.0,0.0,0.0, sre_parse.py:112(__init__)
171,4,0.0,0.0,0.0,0.0, weakref.py:353(__init__)
172,48,0.0,0.0,0.0,0.0, {built-in method posix.fspath}
173,13,0.0,0.0,0.0,0.0, argparse.py:2044(<listcomp>)
174,16,0.0,0.0,0.0,0.0, <frozen importlib._bootstrap_external>:129(<genexpr>)
175,14,0.0,0.0,0.0,0.0, serialization.py:803(_maybe_decode_ascii)
176,88,0.0,0.0,0.0,0.0, {method 'rstrip' of 'str' objects}
177,28,0.0,0.0,0.0,0.0, sre_parse.py:250(match)
178,2,0.0,0.0,0.0,0.0, resource_tracker.py:66(getfd)
179,1,0.0,0.0,0.0,0.0, _bootlocale.py:33(getpreferredencoding)
180,4,0.0,0.0,0.0,0.0, {built-in method builtins.sorted}
181,4,0.0,0.0,0.0,0.0, {method 'discard' of 'set' objects}
182,14,0.0,0.0,0.0,0.0, {method 'tell' of '_io.BufferedReader' objects}
183,2,0.0,0.0,0.0,0.0, spawn.py:132(_check_not_importing_main)
184,20,0.0,0.0,0.0,0.0, <frozen importlib._bootstrap>:874(__enter__)
185,40,0.0,0.0,0.0,0.0, {method 'lstrip' of 'str' objects}
186,11,0.0,0.0,0.0,0.0, {built-in method _thread.allocate_lock}
187,5,0.0,0.0,0.0,0.0, <frozen importlib._bootstrap>:185(cb)
188,2,0.0,0.0,0.0,0.0, selectors.py:64(__init__)
189,42,0.0,0.0,0.0,0.0, {method 'endswith' of 'str' objects}
190,20,0.0,0.0,0.0,0.0, <frozen importlib._bootstrap>:878(__exit__)
191,2,0.0,0.0,0.0,0.0, {built-in method _signal.pthread_sigmask}
192,92,0.0,0.0,0.0,0.0, {built-in method builtins.callable}
193,18,0.0,0.0,0.0,0.0, popen_spawn_posix.py:34(duplicate_for_child)
194,8,0.0,0.0,0.0,0.0, sre_parse.py:356(_escape)
195,14,0.0,0.0,0.0,0.0, hooks.py:54(warn_if_has_hooks)
196,6,0.0,0.0,0.0,0.0, argparse.py:941(__init__)
197,23,0.0,0.0,0.0,0.0, sre_parse.py:287(tell)
198,28,0.0,0.0,0.0,0.0, sre_parse.py:173(append)
199,4,0.0,0.0,0.0,0.0, <frozen importlib._bootstrap_external>:593(_validate_timestamp_pyc)
200,81,0.0,0.0,0.0,0.0, {method 'pop' of 'dict' objects}
201,14,0.0,0.0,0.0,0.0, serialization.py:199(__init__)
202,66,0.0,0.0,0.0,0.0, {method 'replace' of 'str' objects}
203,34,0.0,0.0,0.0,0.0, {method '__exit__' of '_thread.lock' objects}
204,14,0.0,0.0,0.0,0.0, {method 'stride' of 'torch._C._TensorBase' objects}
205,28,0.0,0.0,0.0,0.0, {built-in method __new__ of type object at 0x558da51a12c0}
206,2,0.0,0.0,0.0,0.0, pathlib.py:1434(is_dir)
207,30,0.0,0.0,0.0,0.0, {built-in method _imp.acquire_lock}
208,7,0.0,0.0,0.0,0.0, serialization.py:193(_is_path)
209,4,0.0,0.0,0.0,0.0, weakref.py:348(__new__)
210,39,0.0,0.0,0.0,0.0, {method 'fileno' of '_io.TextIOWrapper' objects}
211,2,0.0,0.0,0.0,0.0, util.py:461(close_fds)
212,3,0.0,0.0,0.0,0.0, os.py:804(fsencode)
213,7,0.0,0.0,0.0,0.0, _utils.py:158(_validate_loaded_sparse_tensors)
214,38,0.0,0.0,0.0,0.0, argparse.py:203(__init__)
215,4,0.0,0.0,0.0,0.0, connection.py:365(_close)
216,29,0.0,0.0,0.0,0.0, {built-in method sys.intern}
217,9,0.0,0.0,0.0,0.0, sre_compile.py:447(_simple)
218,6,0.0,0.0,0.0,0.0, sre_parse.py:225(__init__)
219,38,0.0,0.0,0.0,0.0, argparse.py:1580(_check_conflict)
220,26,0.0,0.0,0.0,0.0, {built-in method posix.getpid}
221,5,0.0,0.0,0.0,0.0, <frozen importlib._bootstrap>:112(release)
222,45,0.0,0.0,0.0,0.0, sre_parse.py:161(__len__)
223,12,0.0,0.0,0.0,0.0, <frozen importlib._bootstrap_external>:79(_unpack_uint32)
224,2,0.0,0.0,0.0,0.0, _weakrefset.py:86(add)
225,4,0.0,0.0,0.0,0.0, sre_compile.py:292(_optimize_charset)
226,4,0.0,0.0,0.0,0.0, sre_parse.py:97(closegroup)
227,7/5,0.0,0.0,0.0,0.0, sre_compile.py:485(_get_literal_prefix)
228,3,0.0,0.0,0.0,0.0, __init__.py:43(normalize_encoding)
229,2,0.0,0.0,0.0,0.0, os.py:682(__setitem__)
230,4,0.0,0.0,0.0,0.0, synchronize.py:100(__getstate__)
231,14,0.0,0.0,0.0,0.0, _namedtensor_internals.py:10(check_serializing_named_tensor)
232,2,0.0,0.0,0.0,0.0, pathlib.py:677(__reduce__)
233,14,0.0,0.0,0.0,0.0, argparse.py:2286(_get_nargs_pattern)
234,47,0.0,0.0,0.0,0.0, <frozen importlib._bootstrap>:231(_verbose_message)
235,5,0.0,0.0,0.0,0.0, __init__.py:89(find_spec)
236,4,0.0,0.0,0.0,0.0, {built-in method _multiprocessing.sem_unlink}
237,28,0.0,0.0,0.0,0.0, context.py:351(get_spawning_popen)
238,6,0.0,0.0,0.0,0.0, argparse.py:964(__init__)
239,7,0.0,0.0,0.0,0.0, serialization.py:173(default_restore_location)
240,2,0.0,0.0,0.0,0.0, selectors.py:269(close)
241,19,0.0,0.0,0.0,0.0, pathlib.py:303(splitroot)
242,4,0.0,0.0,0.0,0.0, connection.py:122(__init__)
243,1,0.0,0.0,0.0,0.0, {method 'long' of 'torch._C._TensorBase' objects}
244,1,0.0,0.0,0.0,0.0, spawn.py:73(<dictcomp>)
245,4,0.0,0.0,0.0,0.0, weakref.py:106(remove)
246,2,0.0,0.0,0.0,0.0, utils.py:234(__str__)
247,38,0.0,0.0,0.0,0.0, argparse.py:575(_metavar_formatter)
248,5,0.0,0.0,0.0,0.0, <frozen importlib._bootstrap>:160(__exit__)
249,37,0.0,0.0,0.0,0.0, argparse.py:1363(register)
250,2,0.0,0.0,0.0,0.0, selectors.py:203(__exit__)
251,11,0.0,0.0,0.0,0.0, {method 'format' of 'str' objects}
252,38,0.0,0.0,0.0,0.0, argparse.py:584(format)
253,5,0.0,0.0,0.0,0.0, <frozen importlib._bootstrap>:87(acquire)
254,1,0.0,0.0,0.0,0.0, {function Random.seed at 0x14cda8a8e820}
255,101,0.0,0.0,0.0,0.0, {built-in method builtins.min}
256,104,0.0,0.0,0.0,0.0, {method 'encode' of 'str' objects}
257,45,0.0,0.0,0.0,0.0, sre_parse.py:234(__next)
258,58,0.0,0.0,0.0,0.0, {built-in method builtins.setattr}
259,4,0.0,0.0,0.0,0.0, <frozen importlib._bootstrap_external>:560(_classify_pyc)
260,1,0.0,0.0,0.0,0.0, ddp.py:12(set_master)
261,1,0.0,0.0,0.0,0.0, {method 'to' of 'torch._C._TensorBase' objects}
262,2,0.0,0.0,0.0,0.0, process.py:61(_cleanup)
263,5,0.0,0.0,0.0,0.0, copyreg.py:103(_slotnames)
264,34,0.0,0.0,0.0,0.0, sre_parse.py:255(get)
265,16,0.0,0.0,0.0,0.0, argparse.py:2475(_get_value)
266,4,0.0,0.0,0.0,0.0, <frozen importlib._bootstrap_external>:1077(path_stats)
267,38,0.0,0.0,0.0,0.0, types.py:171(__get__)
268,4,0.0,0.0,0.0,0.0, connection.py:135(__del__)
269,50,0.0,0.0,0.0,0.0, {method 'match' of 're.Pattern' objects}
270,1,0.0,0.0,0.0,0.0, spawn.py:11(<module>)
271,4,0.0,0.0,0.0,0.0, process.py:344(__reduce__)
272,10,0.0,0.0,0.0,0.0, pathlib.py:725(_format_parsed_parts)
273,5,0.0,0.0,0.0,0.0, <frozen importlib._bootstrap>:58(__init__)
274,9,0.0,0.0,0.0,0.0, resource_tracker.py:134(_check_alive)
275,14,0.0,0.0,0.0,0.0, enum.py:670(__new__)
276,6,0.0,0.0,0.0,0.0, enum.py:977(__and__)
277,49,0.0,0.0,0.0,0.0, {built-in method builtins.max}
278,17,0.0,0.0,0.0,0.0, {built-in method posix.write}
279,13,0.0,0.0,0.0,0.0, pathlib.py:715(_from_parsed_parts)
280,5,0.0,0.0,0.0,0.0, <frozen importlib._bootstrap_external>:696(spec_from_file_location)
281,14,0.0,0.0,0.0,0.0, {built-in method posix.fstat}
282,4,0.0,0.0,0.0,0.0, connection.py:972(reduce_connection)
283,167,0.0,0.0,0.0,0.0, {method 'get' of 'dict' objects}
284,1,0.0,0.0,0.0,0.0, random.py:126(seed)
285,38,0.0,0.0,0.0,0.0, argparse.py:820(__init__)
286,4,0.0,0.0,0.0,0.0, {method 'flush' of '_io.TextIOWrapper' objects}
287,1,0.0,0.0,0.0,0.0, random.py:117(__init__)
288,3,0.0,0.0,0.0,0.0, locale.py:352(_replace_encoding)
289,14,0.0,0.0,0.0,0.0, reductions.py:26(__init__)
290,12,0.0,0.0,0.0,0.0, _collections_abc.py:760(get)
291,8,0.0,0.0,0.0,0.0, <frozen importlib._bootstrap_external>:127(_path_split)
292,40,0.0,0.0,0.0,0.0, <frozen importlib._bootstrap_external>:123(<listcomp>)
293,3,0.0,0.0,0.0,0.0, selectors.py:235(register)
294,1,0.0,0.0,0.0,0.0, popen_fork.py:1(<module>)
295,14,0.0,0.0,0.0,0.0, {method 'size' of 'torch._C._TensorBase' objects}
296,77,0.0,0.0,0.0,0.0, {method 'rpartition' of 'str' objects}
297,7,0.0,0.0,0.0,0.0, serialization.py:889(_is_torchscript_zip)
298,1,0.0,0.0,0.0,0.0, spawn.py:70(__init__)
299,92,0.0,0.0,0.0,0.0, argparse.py:1367(_registry_get)
300,2,0.0,0.0,0.0,0.0, argparse.py:1620(__init__)
301,6,0.0,0.0,0.0,0.0, {method 'copy' of 'dict' objects}
302,19,0.0,0.0,0.0,0.0, {built-in method posix.close}
303,14,0.0,0.0,0.0,0.0, reductions.py:273(fd_id)
304,139,0.0,0.0,0.0,0.0, {built-in method builtins.hasattr}
305,38,0.0,0.0,0.0,0.0, argparse.py:1567(_pop_action_class)
306,25/10,0.0,0.0,0.0,0.0, sre_parse.py:175(getwidth)
307,30,0.0,0.0,0.0,0.0, argparse.py:906(__init__)
308,2,0.0,0.0,0.0,0.0, argparse.py:1443(add_argument_group)
309,2,0.0,0.0,0.0,0.0, selectors.py:210(__init__)
310,113,0.0,0.0,0.0,0.0, sre_parse.py:165(__getitem__)
311,96,0.0,0.0,0.0,0.0, {built-in method builtins.getattr}
312,32,0.0,0.0,0.0,0.0, random.py:237(_randbelow_with_getrandbits)
313,10,0.0,0.0,0.0,0.0, {built-in method posix.pipe}
314,84,0.0,0.0,0.0,0.0, {method 'join' of 'str' objects}
315,2,0.0,0.0,0.0,0.0, util.py:433(_flush_std_streams)
316,3,0.0,0.0,0.0,0.0, selectors.py:352(register)
317,12,0.0,0.0,0.0,0.0, posixpath.py:71(join)
318,2,0.0,0.0,0.0,0.0, utils.py:292(__exit__)
319,18,0.0,0.0,0.0,0.0, reduction.py:191(DupFd)
320,13,0.0,0.0,0.0,0.0, pathlib.py:742(__str__)
321,4,0.0,0.0,0.0,0.0, resource_tracker.py:149(unregister)
322,2,0.0,0.0,0.0,0.0, connection.py:521(Pipe)
323,14,0.0,0.0,0.0,0.0, reductions.py:59(__setitem__)
324,4,0.0,0.0,0.0,0.0, tempfile.py:138(rng)
325,15,0.0,0.0,0.0,0.0, {function _load.<locals>.UnpicklerWrapper.find_class at 0x14cc8f9674c0}
326,14,0.0,0.0,0.0,0.0, argparse.py:2419(_get_values)
327,14,0.0,0.0,0.0,0.0, enum.py:358(__call__)
328,3,0.0,0.0,0.0,0.0, subprocess.py:282(_args_from_interpreter_flags)
329,38,0.0,0.0,0.0,0.0, {built-in method posix.get_terminal_size}
330,422/401,0.0,0.0,0.0,0.0, {built-in method builtins.len}
331,5,0.0,0.0,0.0,0.0, <frozen importlib._bootstrap_external>:1509(_get_spec)
332,6,0.0,0.0,0.0,0.0, locale.py:386(normalize)
333,1,0.0,0.0,0.0,0.0, argparse.py:116(__repr__)
334,2,0.0,0.0,0.0,0.0, signal.py:24(_int_to_enum)
335,591,0.0,0.0,0.0,0.0, {method 'append' of 'list' objects}
336,28,0.0,0.0,0.0,0.0, {method 'storage' of 'torch._C._TensorBase' objects}
337,1,0.0,0.0,0.0,0.0, {built-in method builtins.repr}
338,13,0.0,0.0,0.0,0.0, pathlib.py:752(__fspath__)
339,93,0.0,0.0,0.0,0.0, os.py:754(encode)
340,4,0.0,0.0,0.0,0.0, signal.py:70(<genexpr>)
341,8,0.0,0.0,0.0,0.0, {built-in method builtins.print}
342,4,0.0,0.0,0.0,0.0, pathlib.py:702(_from_parts)
343,4,0.0,0.0,0.0,0.0, weakref.py:165(__setitem__)
344,40,0.0,0.0,0.0,0.0, <frozen importlib._bootstrap_external>:121(_path_join)
345,5,0.0,0.0,0.0,0.0, <frozen importlib._bootstrap_external>:491(_get_cached)
346,2,0.0,0.0,0.0,0.0, selectors.py:348(__init__)
347,52,0.0,0.0,0.0,0.0, <frozen importlib._bootstrap>:398(parent)
348,548,0.0,0.0,0.0,0.0, {built-in method builtins.isinstance}
349,5,0.0,0.0,0.0,0.0, <frozen importlib._bootstrap>:166(_get_module_lock)
350,2,0.0,0.0,0.0,0.0, spawn.py:150(get_preparation_data)
351,4,0.0,0.0,0.0,0.0, pathlib.py:1079(__new__)
352,7,0.0,0.0,0.0,0.0, {method 'update' of 'dict' objects}
353,9,0.0,0.0,0.0,0.0, <frozen importlib._bootstrap>:385(cached)
354,6,0.0,0.0,0.0,0.0, sre_compile.py:560(_compile_info)
355,38,0.0,0.0,0.0,0.0, argparse.py:1453(_add_action)
356,8,0.0,0.0,0.0,0.0, <frozen importlib._bootstrap_external>:361(cache_from_source)
357,2,0.0,0.0,0.0,0.0, main.py:91(get_job_dir)
358,38,0.0,0.0,0.0,0.0, argparse.py:591(_format_args)
359,2,0.0,0.0,0.0,0.0, spawn.py:78(get_command_line)
360,6,0.0,0.0,0.0,0.0, gettext.py:211(_expand_lang)
361,14,0.0,0.0,0.0,0.0, argparse.py:1917(take_action)
362,32,0.0,0.0,0.0,0.0, random.py:343(choice)
363,15,0.0,0.0,0.0,0.0, serialization.py:873(find_class)
364,4,0.0,0.0,0.0,0.0, util.py:171(register_after_fork)
365,4,0.0,0.0,0.0,0.0, tempfile.py:152(<listcomp>)
366,5,0.0,0.0,0.0,0.0, <frozen importlib._bootstrap>:156(__enter__)
367,17,0.0,0.0,0.0,0.0, pathlib.py:64(parse_parts)
368,4,0.0,0.0,0.0,0.0, synchronize.py:84(_cleanup)
369,2,0.0,0.0,0.0,0.0, signal.py:67(pthread_sigmask)
370,7,0.0,0.0,0.0,0.0, {method 'set_' of 'torch._C._TensorBase' objects}
371,38,0.0,0.0,0.0,0.0, argparse.py:1642(_add_action)
372,21/6,0.0,0.0,0.0,0.0, sre_compile.py:87(_compile)
373,89,0.0,0.0,0.0,0.0, os.py:674(__getitem__)
374,5,0.0,0.0,0.0,0.0, <frozen importlib._bootstrap>:486(_init_module_attrs)
375,6,0.0,0.0,0.0,0.0, util.py:186(__init__)
376,38,0.0,0.0,0.0,0.0, argparse.py:1804(_add_action)
377,4,0.0,0.0,0.0,0.0, reduction.py:38(__init__)
378,6,0.0,0.0,0.0,0.0, util.py:205(__call__)
379,12,0.0,0.0,0.0,0.0, argparse.py:2145(_match_argument)
380,36,0.0,0.0,0.0,0.0, argparse.py:1533(_get_optional_kwargs)
381,2,0.0,0.0,0.0,0.0, argparse.py:2167(_match_arguments_partial)
382,2,0.0,0.0,0.0,0.0, process.py:80(__init__)
383,17,0.0,0.0,0.0,0.0, pathlib.py:682(_parse_args)
384,14,0.0,0.0,0.0,0.0, reductions.py:137(reduce_tensor)
385,2,0.0,0.0,0.0,0.0, argparse.py:2015(consume_positionals)
386,11,0.0,0.0,0.0,0.0, {built-in method builtins.__build_class__}
387,6,0.0,0.0,0.0,0.0, sre_compile.py:622(_code)
388,13,0.0,0.0,0.0,0.0, pathlib.py:736(_make_child)
389,4,0.0,0.0,0.0,0.0, tempfile.py:149(__next__)
390,4,0.0,0.0,0.0,0.0, {built-in method marshal.loads}
391,13,0.0,0.0,0.0,0.0, pathlib.py:966(joinpath)
392,7,0.0,0.0,0.0,0.0, {built-in method tensor}
393,11/7,0.0,0.0,0.0,0.0, sre_parse.py:494(_parse)
394,4,0.0,0.0,0.0,0.0, <frozen importlib._bootstrap_external>:645(_compile_bytecode)
395,1,0.0,0.0,0.0,0.0, {built-in method _imp.create_dynamic}
396,16,0.0,0.0,0.0,0.0, {built-in method builtins.next}
397,12,0.0,0.0,0.0,0.0, argparse.py:1938(consume_optional)
398,1,0.0,0.0,0.0,0.0, <frozen importlib._bootstrap_external>:1171(create_module)
399,12,0.0,0.0,0.0,0.0, genericpath.py:16(exists)
400,38,0.0,0.0,0.0,0.0, shutil.py:1342(get_terminal_size)
401,3,0.0,0.0,0.0,0.0, argparse.py:1310(__init__)
402,10/6,0.0,0.0,0.0,0.0, sre_parse.py:436(_parse_sub)
403,4,0.0,0.0,0.0,0.0, __init__.py:7(_make_name)
404,1,0.0,0.0,0.0,0.0, {built-in method posix.open}
405,1,0.0,0.0,0.0,0.0, pathlib.py:1118(_opener)
406,13,0.0,0.0,0.0,0.0, re.py:188(match)
407,14,0.0,0.0,0.0,0.0, reductions.py:314(reduce_storage)
408,6,0.0,0.0,0.0,0.0, sre_parse.py:944(parse)
409,1,0.0,0.0,0.0,0.0, {built-in method posix.listdir}
410,1,0.0,0.0,0.0,0.0, pathlib.py:1246(open)
411,2,0.0,0.0,0.0,0.0, pathlib.py:1419(exists)
412,4,0.0,0.0,0.0,0.0, pathlib.py:1227(stat)
413,7,0.0,0.0,0.0,0.0, _utils.py:130(_rebuild_tensor)
414,1,0.0,0.0,0.0,0.0, ddp.py:27(get_ddp_config)
415,7,0.0,0.0,0.0,0.0, _utils.py:136(_rebuild_tensor_v2)
416,5,0.0,0.0,0.0,0.0, <frozen importlib._bootstrap>:558(module_from_spec)
417,3,0.0,0.0,0.0,0.0, gettext.py:542(find)
418,79,0.0,0.0,0.0,0.0, re.py:250(compile)
419,3,0.0,0.0,0.0,0.0, gettext.py:583(translation)
420,3,0.0,0.0,0.0,0.0, gettext.py:664(dgettext)
421,3,0.0,0.0,0.0,0.0, gettext.py:741(gettext)
422,1,0.0,0.0,0.001,0.001, argparse.py:1870(_parse_known_args)
423,6,0.0,0.0,0.001,0.0, sre_compile.py:783(compile)
424,1,0.0,0.0,0.001,0.001, argparse.py:1831(parse_known_args)
425,1,0.0,0.0,0.001,0.001, argparse.py:1824(parse_args)
426,38,0.0,0.0,0.001,0.0, argparse.py:161(__init__)
427,38,0.0,0.0,0.001,0.0, argparse.py:2541(_get_formatter)
428,92,0.0,0.0,0.001,0.0, re.py:289(_compile)
429,5,0.0,0.0,0.001,0.0, <frozen importlib._bootstrap_external>:145(_path_is_mode_type)
430,7,0.0,0.0,0.001,0.0, serialization.py:210(__init__)
431,5,0.0,0.0,0.001,0.0, <frozen importlib._bootstrap_external>:154(_path_isfile)
432,7,0.0,0.0,0.001,0.0, serialization.py:228(_open_file_like)
433,17,0.0,0.0,0.001,0.0, <frozen importlib._bootstrap_external>:135(_path_stat)
434,1,0.0,0.0,0.001,0.001, argparse.py:1693(__init__)
435,1,0.0,0.0,0.001,0.001, resource_tracker.py:18(<module>)
436,7,0.001,0.0,0.001,0.0, serialization.py:241(__init__)
437,4,0.0,0.0,0.001,0.0, {method 'dump' of '_pickle.Pickler' objects}
438,7,0.001,0.0,0.001,0.0, {method '__exit__' of '_io._IOBase' objects}
439,1,0.0,0.0,0.001,0.001, popen_spawn_posix.py:1(<module>)
440,8,0.0,0.0,0.001,0.0, <frozen importlib._bootstrap_external>:1514(find_spec)
441,5,0.0,0.0,0.001,0.0, <frozen importlib._bootstrap_external>:1383(_get_spec)
442,5,0.0,0.0,0.001,0.0, <frozen importlib._bootstrap_external>:1415(find_spec)
443,4,0.0,0.0,0.001,0.0, reduction.py:58(dump)
444,5,0.0,0.0,0.001,0.0, <frozen importlib._bootstrap>:901(_find_spec)
445,38,0.0,0.0,0.001,0.0, argparse.py:1392(add_argument)
446,10,0.001,0.0,0.001,0.0, {built-in method io.open}
447,32,0.001,0.0,0.001,0.0, {method 'read' of '_io.BufferedReader' objects}
448,7,0.0,0.0,0.001,0.0, serialization.py:45(_is_zipfile)
449,33,0.002,0.0,0.002,0.0, {built-in method posix.stat}
450,7,0.002,0.0,0.002,0.0, {method 'close' of '_io.BufferedReader' objects}
451,7,0.0,0.0,0.002,0.0, serialization.py:213(__exit__)
452,2,0.0,0.0,0.002,0.001, {built-in method builtins.__import__}
453,32/28,0.0,0.0,0.002,0.0, <frozen importlib._bootstrap>:1033(_handle_fromlist)
454,1,0.0,0.0,0.002,0.002, parser.py:15(make_parser)
455,4/2,0.0,0.0,0.002,0.001, {built-in method builtins.exec}
456,8/2,0.0,0.0,0.002,0.001, <frozen importlib._bootstrap>:220(_call_with_frames_removed)
457,10,0.0,0.0,0.005,0.0, resource_tracker.py:70(ensure_running)
458,4,0.0,0.0,0.005,0.001, resource_tracker.py:145(register)
459,8,0.0,0.0,0.005,0.001, resource_tracker.py:153(_send)
460,2,0.0,0.0,0.006,0.003, popen_spawn_posix.py:38(_launch)
461,2,0.0,0.0,0.006,0.003, popen_fork.py:15(__init__)
462,2,0.0,0.0,0.006,0.003, popen_spawn_posix.py:30(__init__)
463,4,0.0,0.0,0.008,0.002, synchronize.py:50(__init__)
464,4,0.0,0.0,0.008,0.002, synchronize.py:161(__init__)
465,4,0.0,0.0,0.008,0.002, context.py:65(Lock)
466,2,0.0,0.0,0.008,0.004, queues.py:339(__init__)
467,2,0.0,0.0,0.008,0.004, context.py:110(SimpleQueue)
468,4,0.008,0.002,0.008,0.002, {built-in method io.open_code}
469,3,0.009,0.003,0.009,0.003, {built-in method _posixsubprocess.fork_exec}
470,3,0.0,0.0,0.009,0.003, util.py:447(spawnv_passfds)
471,4,0.0,0.0,0.009,0.002, <frozen importlib._bootstrap_external>:1036(get_data)
472,4,0.0,0.0,0.009,0.002, <frozen importlib._bootstrap_external>:916(get_code)
473,4/2,0.0,0.0,0.011,0.005, <frozen importlib._bootstrap_external>:844(exec_module)
474,5/2,0.0,0.0,0.011,0.005, <frozen importlib._bootstrap>:659(_load_unlocked)
475,5/2,0.0,0.0,0.012,0.006, <frozen importlib._bootstrap>:967(_find_and_load_unlocked)
476,18,0.012,0.001,0.012,0.001, {method '_share_fd_' of 'torch._C.LongStorageBase' objects}
477,5/2,0.0,0.0,0.012,0.006, <frozen importlib._bootstrap>:1002(_find_and_load)
478,2,0.0,0.0,0.016,0.008, context.py:281(_Popen)
479,2,0.0,0.0,0.016,0.008, process.py:110(start)
480,7,0.027,0.004,0.027,0.004, serialization.py:841(load_tensor)
481,7,0.0,0.0,0.027,0.004, serialization.py:848(persistent_load)
482,7,0.0,0.0,0.027,0.004, {method 'load' of '_pickle.Unpickler' objects}
483,7,0.001,0.0,0.028,0.004, serialization.py:836(_load)
484,3,0.031,0.01,0.031,0.01, {method '_share_fd_' of 'torch._C.HalfStorageBase' objects}
485,7,0.0,0.0,0.033,0.005, serialization.py:502(load)
486,1,0.0,0.0,0.034,0.034, dataset.py:75(<dictcomp>)
487,1,0.0,0.0,0.034,0.034, dataset.py:71(from_path_if_exists)
488,1,0.0,0.0,0.034,0.034, dataset.py:59(from_path)
489,1,0.0,0.0,0.034,0.034, main.py:23(get_dataset)
490,7,0.0,0.0,0.042,0.006, storage.py:130(share_memory_)
491,7,0.0,0.0,0.042,0.006, _tensor.py:418(share_memory_)
492,1,0.0,0.0,0.042,0.042, dataset.py:96(share_memory_)
493,3,0.535,0.178,0.535,0.178, {built-in method posix.waitpid}
494,2,0.0,0.0,0.535,0.268, popen_fork.py:36(wait)
495,5,0.0,0.0,0.535,0.107, popen_fork.py:24(poll)
496,2,0.0,0.0,0.535,0.268, process.py:142(join)
497,2,152.45,76.225,152.45,76.225, {method 'poll' of 'select.poll' objects}
498,2,0.0,0.0,152.45,76.225, selectors.py:403(select)
499,2,0.0,0.0,152.451,76.225, connection.py:922(wait)
500,2,0.0,0.0,152.986,76.493, spawn.py:81(join)
501,1,0.0,0.0,153.01,153.01, spawn.py:168(start_processes)
502,1,0.0,0.0,153.01,153.01, spawn.py:192(spawn)
